ingrediente,paso,url
"
1 disco de masa de tarta
",Para empezar con la preparación de la tarta de pollo y verduras ,https://www.recetasgratis.net/receta-de-tarta-de-pollo-y-verduras-77148.html
"
1 suprema de pollo
","pelada y cortada en rodajas. Esto proporcionará sabor al pollo, mientras que aprovechamos para cocinar parte de las verduras que usaremos en la receta.",https://www.recetasgratis.net/receta-de-tarta-de-pollo-y-verduras-77148.html
"
1 rama de puerro                                                                                                        ",en cubos. ,https://www.recetasgratis.net/receta-de-tarta-de-pollo-y-verduras-77148.html
"
1 zucchini
",". Si el salteado se pega y las verduras todavía están muy crocantes, puedes agregar una cucharada de agua caliente y repetir hasta que estén tiernas.",https://www.recetasgratis.net/receta-de-tarta-de-pollo-y-verduras-77148.html
"
1 zanahoria
","Pasado el tiempo de cocción del pollo, ",https://www.recetasgratis.net/receta-de-tarta-de-pollo-y-verduras-77148.html
"
½ berenjena
",salteadas. Pica también la parte verde del puerro que utilizaste para dar sabor durante el hervor. Condimenta al gusto con la,https://www.recetasgratis.net/receta-de-tarta-de-pollo-y-verduras-77148.html
"
1 huevo
",". En este caso no añado sal porque el sabor de los condimentos y las verduras me resulta suficiente, pero puedes hacerlo si lo prefieres.",https://www.recetasgratis.net/receta-de-tarta-de-pollo-y-verduras-77148.html
"
1 cucharada postre de nuez moscada                                                                                                        ","Cuando pruebes el relleno y te guste, ",https://www.recetasgratis.net/receta-de-tarta-de-pollo-y-verduras-77148.html
"
½ cucharada postre de cúrcuma                                                                                                        ",. Recuerda que luego no deberías probarlo ya que es riesgo para la salud comer huevo crudo. Integra y reserva el relleno de tu tarta de pollo y verduras.,https://www.recetasgratis.net/receta-de-tarta-de-pollo-y-verduras-77148.html
"
1 cucharada postre de tomillo                                                                                                        ",Engrasa el molde donde deseas cocinar la tarta y cúbrelo con la masa. Rellena y cocina en el,https://www.recetasgratis.net/receta-de-tarta-de-pollo-y-verduras-77148.html
"
200 gramos de yogur griego                                                                                                        ",Comienza mezclando los,https://www.recetasgratis.net/receta-de-tortitas-de-yogur-77123.html
"
100 gramos de leche                                                                                                        ", ,https://www.recetasgratis.net/receta-de-tortitas-de-yogur-77123.html
"
50 gramos de azúcar                                                                    (¼ taza)
", ,https://www.recetasgratis.net/receta-de-tortitas-de-yogur-77123.html
"
150 gramos de harina                                                                                                        ",", utiliza un batidor de globo para obtener una mezcla homogénea. Reserva.",https://www.recetasgratis.net/receta-de-tortitas-de-yogur-77123.html
"
10 gramos de polvo de hornear                                                                                                        ","Aparte, en un bowl grande ",https://www.recetasgratis.net/receta-de-tortitas-de-yogur-77123.html
"
1 pizca de sal                                                                                                        "," y agrega el resto de ingredientes secos, que son el ",https://www.recetasgratis.net/receta-de-tortitas-de-yogur-77123.html
"
2 huevos
",", una pizca de ",https://www.recetasgratis.net/receta-de-tortitas-de-yogur-77123.html
"
50 gramos de mantequilla                                                                                                        ",.,https://www.recetasgratis.net/receta-de-tortitas-de-yogur-77123.html
"
4 unidades de huevos                                                                                                        ",Empezaremos nuestro ,https://www.recetasgratis.net/receta-de-pastel-de-zanahoria-facil-9470.html
"
1½ tazas de azúcar                                                                    (300 gramos)
", de hacer por la ,https://www.recetasgratis.net/receta-de-pastel-de-zanahoria-facil-9470.html
"
1 cucharadita de esencia de vainilla (opcional)                                                                                                        ",". Para ello, introduce los huevos en un recipiente y bátelos hasta que adquieran una textura espumosa. Asimismo, precalienta el horno a 180 ºC.",https://www.recetasgratis.net/receta-de-pastel-de-zanahoria-facil-9470.html
"
1½ tazas de harina                                                                    (210 gramos)
","Luego, ",https://www.recetasgratis.net/receta-de-pastel-de-zanahoria-facil-9470.html
"
1 taza de aceite vegetal                                                                                                        ", ,https://www.recetasgratis.net/receta-de-pastel-de-zanahoria-facil-9470.html
"
1 pizca de sal                                                                                                        ", ,https://www.recetasgratis.net/receta-de-pastel-de-zanahoria-facil-9470.html
"
2 cucharaditas de polvos para hornear o levadura tipo Royal                                                                                                        "," bien tamizados alternándolos con la taza de aceite vegetal, sigue batiendo. De esta forma será más fácil integrar todos los ingredientes y conseguir una masa de ",https://www.recetasgratis.net/receta-de-pastel-de-zanahoria-facil-9470.html
"
2 cucharaditas de canela en polvo (opcional)                                                                                                        ", homogénea y sin grumos.,https://www.recetasgratis.net/receta-de-pastel-de-zanahoria-facil-9470.html
"
2 tazas de zanahoria rallada                                                                                                        ","En este sentido, es aconsejable tamizar la harina previamente junto el polvo para hornear para que el ",https://www.recetasgratis.net/receta-de-pastel-de-zanahoria-facil-9470.html
"
½ taza de nueces picadas                                                                                                        ", nos quede mucho más esponjoso.,https://www.recetasgratis.net/receta-de-pastel-de-zanahoria-facil-9470.html
"
200 gramos de queso crema                                                                                                        ","Ahora es el turno de la zanahoria rallada: incorpórala junto con las nueces picadas y no dejes de batir. Si lo deseas, puedes incorporar una cucharadita de esencia de vainilla o canela en polvo.",https://www.recetasgratis.net/receta-de-pastel-de-zanahoria-facil-9470.html
"
½ barra de mantequilla                                                                                                        ",Cuando tengas la masa de la ,https://www.recetasgratis.net/receta-de-pastel-de-zanahoria-facil-9470.html
"
1 taza de azúcar glass                                                                    (140 gramos)
"," fácil lista, unta un molde apto para horno con un poco de mantequilla y vierte la mezcla.",https://www.recetasgratis.net/receta-de-pastel-de-zanahoria-facil-9470.html
"
150 gramos de manteca pomada                                                                                                        ",Realiza un cremado con la ,https://www.recetasgratis.net/receta-de-torta-alfajor-77159.html
"
50 gramos de azúcar                                                                    (¼ taza)
",", que colocarás en un bol junto con ",https://www.recetasgratis.net/receta-de-torta-alfajor-77159.html
"
huevo
",. Bate todos los ingredientes un par de minutos hasta unificar y formar una crema.,https://www.recetasgratis.net/receta-de-torta-alfajor-77159.html
"
50 gramos de miel                                                                                                        ", e integra batiendo más minutos.,https://www.recetasgratis.net/receta-de-torta-alfajor-77159.html
"
1 cucharadita de esencia de vainilla                                                                                                        ",Tamiza y añade todos los ingredientes secos: ,https://www.recetasgratis.net/receta-de-torta-alfajor-77159.html
"
ralladura de piel de 1/2 limón
",". Primero bate un poco con la batidora y, luego, termina de unificar la masa con las manos.",https://www.recetasgratis.net/receta-de-torta-alfajor-77159.html
"
ralladura de piel de 1/2 naranja
"," más o menos iguales. Coloca cada una de ellas entre papel film o separadores y estira con palote, proporcionando forma circular de alrededor de 17 o 18 cm de diámetro y con una altura de 4 o 5 mm. Lleva a la ",https://www.recetasgratis.net/receta-de-torta-alfajor-77159.html
"
250 gramos de harina 0000                                                                                                        ", ,https://www.recetasgratis.net/receta-de-torta-alfajor-77159.html
"
50 gramos de almidón de maiz (maicena)                                                                                                        ",.,https://www.recetasgratis.net/receta-de-torta-alfajor-77159.html
"
1 cucharada postre de polvo para hornear                                                                                                        ","Cuando la masa se haya enfriado lo suficiente, ",https://www.recetasgratis.net/receta-de-torta-alfajor-77159.html
"
500 gramos de carne molida                                                                                                        ",Para hacer estas albóndigas de carne caseras puedes usar carne de ternera o pedir en la carnicería una mezcla de ternera y de cerdo. Si te decides por esta última opción la proporción ideal es de de un ,https://www.recetasgratis.net/receta-de-albondigas-de-carne-molida-45979.html
"
½ cucharadita de bicarbonato de sodio                                                                                                        ",". A continuación, enciende el ",https://www.recetasgratis.net/receta-de-torta-alfajor-77159.html
"
20 gramos de cacao amargo                                                                                                        ", para precalentar a ,https://www.recetasgratis.net/receta-de-torta-alfajor-77159.html
"
400 gramos de dulce de leche repostero                                                                                                        ",.,https://www.recetasgratis.net/receta-de-torta-alfajor-77159.html
"
100 gramos de crema de leche (nata)                                                                                                        ","Retira la masa de la heladera y con la ayuda de un plato u otro elemento, ",https://www.recetasgratis.net/receta-de-torta-alfajor-77159.html
"
80 gramos de chocolate cobertura amargo                                                                                                        ", que servirán de capas para la torta.,https://www.recetasgratis.net/receta-de-torta-alfajor-77159.html
"
100 gramos de nueces picadas                                                                                                        ",Distribuye las capas sobre la placa enmantencada y lleva a ,https://www.recetasgratis.net/receta-de-torta-alfajor-77159.html
"
2 huevos
",". La mezcla hará que las albóndigas queden más jugosas gracias a la carne de cerdo. Y si prefieres utilizar carne de pollo, entonces consulta la ",https://www.recetasgratis.net/receta-de-albondigas-de-carne-molida-45979.html
"
1 cebolla
",.,https://www.recetasgratis.net/receta-de-albondigas-de-carne-molida-45979.html
"
3 cucharadas soperas de pan rallado                                                                                                        ","Para empezar la receta de albóndigas de carne, coloca la carne en un bol lo suficientemente amplio y ",https://www.recetasgratis.net/receta-de-albondigas-de-carne-molida-45979.html
"
Harina
",", el pan rallado, la cebolla, los condimentos y el perejil. La cebolla y el perejil deben estar finamente picados. Si eres alérgico al huevo puedes prescindir de este ingrediente.",https://www.recetasgratis.net/receta-de-albondigas-de-carne-molida-45979.html
"
1 pizca de orégano                                                                                                        "," a la mezcla hasta que se vuelva maleable y compacta. La cantidad varía al gusto, pero con una o dos cucharadas grandes debería ser suficiente. Comprueba la sazón y corrige con más condimentos o sal la receta de albóndigas de carne fáciles si es necesario.",https://www.recetasgratis.net/receta-de-albondigas-de-carne-molida-45979.html
"
1 pizca de ajo en polvo                                                                                                        ","Para hacer las albóndigas fáciles de carne, ",https://www.recetasgratis.net/receta-de-albondigas-de-carne-molida-45979.html
"
1 cucharada sopera de perejil fresco                                                                                                        ",". Si ves que la carne no se compacta, puedes añadir más harina y amasar.",https://www.recetasgratis.net/receta-de-albondigas-de-carne-molida-45979.html
"
sal (al gusto)
","Ahora que sabes cómo preparar albóndigas, las podrás ",https://www.recetasgratis.net/receta-de-albondigas-de-carne-molida-45979.html
"
240 gramos de harina                                                                                                        ",Disuelve la ,https://www.recetasgratis.net/receta-de-pan-dulce-de-leche-77149.html
"
1 huevo
", ,https://www.recetasgratis.net/receta-de-pan-dulce-de-leche-77149.html
"
35 gramos de manteca derretida                                                                                                        ", ,https://www.recetasgratis.net/receta-de-pan-dulce-de-leche-77149.html
"
100 centímetros cúbicos de leche tibia                                                                                                        ",". Revuelve bien, cubre y reserva por aproximadamente ",https://www.recetasgratis.net/receta-de-pan-dulce-de-leche-77149.html
"
½ cucharadita de sal                                                                                                        ", hasta que se forme la esponja.,https://www.recetasgratis.net/receta-de-pan-dulce-de-leche-77149.html
"
1 cucharada postre de miel                                                                                                        ",Realiza una corona con la ,https://www.recetasgratis.net/receta-de-pan-dulce-de-leche-77149.html
"
10 gramos de levadura                                                                                                        ", sobre la mesada. Distribuye la ,https://www.recetasgratis.net/receta-de-pan-dulce-de-leche-77149.html
"
50 gramos de azúcar                                                                    (¼ taza)
"," por los bordes y, en el centro, coloca el ",https://www.recetasgratis.net/receta-de-pan-dulce-de-leche-77149.html
"
110 gramos de avena en hojuelas                                                                                                        ", ,https://www.recetasgratis.net/receta-de-galletas-de-kiwicha-77129.html
"
60 gramos de miel                                                                                                        ", ,https://www.recetasgratis.net/receta-de-galletas-de-kiwicha-77129.html
"
30 gramos de kiwicha pop                                                                                                        ",", puedes hacerlo en la licuadora en la procesadora de alimentos. Cuando obtengas un polvo fino, reserva.",https://www.recetasgratis.net/receta-de-galletas-de-kiwicha-77129.html
"
70 gramos de mantequilla                                                                                                        ",Empieza ,https://www.recetasgratis.net/receta-de-galletas-de-kiwicha-77129.html
"
3 gramos de polvo de hornear                                                                                                        ", ,https://www.recetasgratis.net/receta-de-galletas-de-kiwicha-77129.html
"
2 huevos
", a temperatura ambiente. Para hacerlo solamente bátela con la batidora eléctrica hasta que se vea una ,https://www.recetasgratis.net/receta-de-galletas-de-kiwicha-77129.html
"
canela en polvo c/n
",". Luego, ",https://www.recetasgratis.net/receta-de-galletas-de-kiwicha-77129.html
"
1 disco de masa de tarta
",El primer paso para esta preparación es ,https://www.recetasgratis.net/receta-de-tarta-de-pollo-y-puerro-77167.html
"
1 suprema de pollo
"," Por un lado, pela la cebolla blanca y córtala en pluma. Por otro, lava bien el puerro y retira las hojas. ",https://www.recetasgratis.net/receta-de-tarta-de-pollo-y-puerro-77167.html
"
3 ramas de puerro                                                                                                        ",donde cocinas el pollo hervido por unos,https://www.recetasgratis.net/receta-de-tarta-de-pollo-y-puerro-77167.html
"
1 cebolla
",. Corta el tallo en rodajas.,https://www.recetasgratis.net/receta-de-tarta-de-pollo-y-puerro-77167.html
"
1 huevo
"," en una sartén antiadherente con una cucharadita de aceite. Una vez que estén doradas, baja el fuego a medio y continúa salteando hasta que estén tiernas y caramelizadas. Cuando el salteado se esté secando, añade una cucharada del agua de cocción del pollo para hidratarlo nuevamente.",https://www.recetasgratis.net/receta-de-tarta-de-pollo-y-puerro-77167.html
"
1 cucharada sopera de queso blanco                                                                                                        ","Pasado el tiempo de cocción del pollo, ",https://www.recetasgratis.net/receta-de-tarta-de-pollo-y-puerro-77167.html
"
1 cucharadita de pimienta                                                                                                        ", para generar estos hilos.,https://www.recetasgratis.net/receta-de-tarta-de-pollo-y-puerro-77167.html
"
2 cucharadas soperas de queso rallado                                                                                                        ",Mezcla las cebollas salteadas con el ,https://www.recetasgratis.net/receta-de-tarta-de-pollo-y-puerro-77167.html
"
4 filetes de pescado blanco                                                                                                        ",Empieza preparando los vegetales: retira las ,https://www.recetasgratis.net/receta-de-aguadito-de-pescado-77139.html
"
1 zanahoria
", de sus vainas. Pela y corta en trozos grandes las ,https://www.recetasgratis.net/receta-de-aguadito-de-pescado-77139.html
"
½ taza de arvejas                                                                                                        ", y corta el ,https://www.recetasgratis.net/receta-de-aguadito-de-pescado-77139.html
"
2 pimientos rojos
",en rodajas. También pica los ,https://www.recetasgratis.net/receta-de-aguadito-de-pescado-77139.html
"
1 cebolla roja
"," rojos en cubos pequeños que sean del mismo tamaño que las arvejas, de igual manera pela y corta las ",https://www.recetasgratis.net/receta-de-aguadito-de-pescado-77139.html
"
2 dientes de ajo                                                                                                        "," del mismo tamaño. Por último, pica la ",https://www.recetasgratis.net/receta-de-aguadito-de-pescado-77139.html
"
1 trozo de kion                                                                                                        ",", el ",https://www.recetasgratis.net/receta-de-aguadito-de-pescado-77139.html
"
½ taza de pasta de culantro                                                                                                        ", y el ,https://www.recetasgratis.net/receta-de-aguadito-de-pescado-77139.html
"
3 cucharadas soperas de ají amarillo molido                                                                                                        ", finamente. Reserva.,https://www.recetasgratis.net/receta-de-aguadito-de-pescado-77139.html
"
1 chorro de cerveza o chicha de jora                                                                                                        ",En el vaso de la licuadora coloca las ,https://www.recetasgratis.net/receta-de-aguadito-de-pescado-77139.html
"
2 choclos
", ,https://www.recetasgratis.net/receta-de-aguadito-de-pescado-77139.html
"
½ taza de arroz                                                                                                        ",", vierte un chorro de ",https://www.recetasgratis.net/receta-de-aguadito-de-pescado-77139.html
"
2 papas blancas
", ,https://www.recetasgratis.net/receta-de-aguadito-de-pescado-77139.html
"
2 litros de caldo de pescado                                                                                                        ", hasta que se haya formado una pasta semilíquida verde.,https://www.recetasgratis.net/receta-de-aguadito-de-pescado-77139.html
"
sal al gusto
","Pon una olla al fuego y añade un buen chorro de aceite. Cuando esté caliente, vuelca la ",https://www.recetasgratis.net/receta-de-aguadito-de-pescado-77139.html
"
1 huevo
","Para empezar con la preparación del bizcocho de plátano, avena y huevo en un recipiente ",https://www.recetasgratis.net/receta-de-bizcocho-de-avena-platano-y-huevo-77147.html
"
⅓ taza de azúcar                                                                    (66 gramos)
",". Si no tienes batidora eléctrica, puedes usar batidor de mano. En cualquier caso deberás lograr un resultado esponjoso y blanquecino.",https://www.recetasgratis.net/receta-de-bizcocho-de-avena-platano-y-huevo-77147.html
"
⅓ taza de aceite                                                                                                        ",". Si no está del todo maduro, puedes llevarlo al horno con su cáscara hasta que la misma se ponga negra. Esto resaltará su sabor dulce.",https://www.recetasgratis.net/receta-de-bizcocho-de-avena-platano-y-huevo-77147.html
"
1 taza de harina leudante                                                                                                        ", al huevo batido con azúcar. También ,https://www.recetasgratis.net/receta-de-bizcocho-de-avena-platano-y-huevo-77147.html
"
½ taza de avena                                                                                                        ",", bate hasta emulsionar.",https://www.recetasgratis.net/receta-de-bizcocho-de-avena-platano-y-huevo-77147.html
"
1 plátano
",". Si no tienes harina leudante, puedes reemplazar por harina 0000, de avena o integral con 1 cucharada postre de polvo para hornear y un cuarto cucharadita de bicarbonato de sodio.",https://www.recetasgratis.net/receta-de-bizcocho-de-avena-platano-y-huevo-77147.html
"
½ taza de leche descremada                                                                                                        ","Cuando la harina esté integrada con movimientos envolventes para no bajar el batido, ",https://www.recetasgratis.net/receta-de-bizcocho-de-avena-platano-y-huevo-77147.html
"
1 pechuga de pollo                                                                                                        ","Empieza lavando, pelando y",https://www.recetasgratis.net/receta-de-salpicon-de-pollo-peruano-77138.html
"
2 zanahorias medianas
", ,https://www.recetasgratis.net/receta-de-salpicon-de-pollo-peruano-77138.html
"
100 gramos de vainitas                                                                                                        "," en láminas delgadas para realizar cortes transversales y obtener tiras. Finalmente, corta estas tiras en cubos. Luego, calienta una olla mediana con abundante agua y, cuando rompa hervor, vierte un puñado de sal y ahí ",https://www.recetasgratis.net/receta-de-salpicon-de-pollo-peruano-77138.html
"
2 choclos
",". Después de 3 minutos, retira con una espumadera y pásalas por agua helada. Cuela y reserva.",https://www.recetasgratis.net/receta-de-salpicon-de-pollo-peruano-77138.html
"
3 papas
","Seguidamente, ",https://www.recetasgratis.net/receta-de-salpicon-de-pollo-peruano-77138.html
"
2 palta
", ,https://www.recetasgratis.net/receta-de-salpicon-de-pollo-peruano-77138.html
"
lechuga
",de forma sesgada que sean aproximadamente del mismo tamaño que los cubos de zanahoria. Estas también las ,https://www.recetasgratis.net/receta-de-salpicon-de-pollo-peruano-77138.html
"
1 huevo
", ,https://www.recetasgratis.net/receta-de-salpicon-de-pollo-peruano-77138.html
"
300 mililitros de aceite                                                                                                        "," y puedes usar la misma olla con agua para blanquear estas vainitas. Después de 3 minutos, cuélalas, sumérgelas en agua fría y reserva.",https://www.recetasgratis.net/receta-de-salpicon-de-pollo-peruano-77138.html
"
1 cucharadita de mostaza                                                                                                        "," por 10 minutos o hasta que estén tiernos y, luego, ",https://www.recetasgratis.net/receta-de-salpicon-de-pollo-peruano-77138.html
"
1 limón
",.,https://www.recetasgratis.net/receta-de-salpicon-de-pollo-peruano-77138.html
"
1 kilogramo de harina de trigo 0000 o común (8 tazas)                                                                                                        ",Para empezar a hacer la masa para donas deberás ,https://www.recetasgratis.net/receta-de-masa-para-donas-51038.html
"
1 taza de harina leudante o harina de repostería                                                                                                        ","Hacer la receta de panqueques es súper fácil. Primero, ",https://www.recetasgratis.net/receta-de-panqueques-super-faciles-de-hacer-51470.html
"
1 huevo
",". Si no tienes harina leudante o preparada, que es harina de trigo que ya incluye levadura (también se llama harina de repostería), puedes usar harina de trigo normal y añadir una cucharadita de levadura química en polvo (polvo de hornear).",https://www.recetasgratis.net/receta-de-panqueques-super-faciles-de-hacer-51470.html
"
1 chorro de aceite de oliva                                                                                                        ",Coloca la harina en un bol y ,https://www.recetasgratis.net/receta-de-panqueques-super-faciles-de-hacer-51470.html
"
¾ taza de leche                                                                    (180 mililitros)
",. Mezcla bien hasta que se integren estos ingredientes y no queden casi grumos.,https://www.recetasgratis.net/receta-de-panqueques-super-faciles-de-hacer-51470.html
"
1 cucharadita de mantequilla                                                                                                        ","Para terminar de hacer la masa de los panqueques caseros, ",https://www.recetasgratis.net/receta-de-panqueques-super-faciles-de-hacer-51470.html
"
sal al gusto
",En una olla grande coloca la pechuga de ,https://www.recetasgratis.net/receta-de-salpicon-de-pollo-peruano-77138.html
"
1 pizca de pimienta blanca molida                                                                                                        ", ,https://www.recetasgratis.net/receta-de-salpicon-de-pollo-peruano-77138.html
"
260 gramos de azúcar (1 taza)                                                                                                        ",", formar un volcán con ella y añadir en el centro la leche y la levadura.",https://www.recetasgratis.net/receta-de-masa-para-donas-51038.html
"
40 gramos de levadura fresca (4 cucharaditas)                                                                                                        ","Hecho esto, ",https://www.recetasgratis.net/receta-de-masa-para-donas-51038.html
"
80 gramos de mantequilla                                                                                                        "," en el microondas y mézclala con la harina y el resto de los ingredientes, es decir, incorpora los huevos, el azúcar y la vainilla. Amasa todo junto hasta conseguir una textura lisa y elástica, lo que te llevará de 20 a 30 minutos. El resultado debe ser una masa que no se quede pegada en las manos, pero un tanto pegajosa al mismo tiempo.",https://www.recetasgratis.net/receta-de-masa-para-donas-51038.html
"
4 huevos
","Cuando la masa de las donas no se quede pegada en tus manos, haz una bola con ella y déjala dentro del recipiente para que",https://www.recetasgratis.net/receta-de-masa-para-donas-51038.html
"
1 cucharadita de vainilla                                                                                                        ",. Es aconsejable que cubras la masa con un paño limpio o papel film.,https://www.recetasgratis.net/receta-de-masa-para-donas-51038.html
"
200 mililitros de leche tibia                                                                                                        ",Recuerda que esta masa te servirá para hacer donas caseras horneadas y también donas fritas si lo prefieres.,https://www.recetasgratis.net/receta-de-masa-para-donas-51038.html
"
1 chorro de miel                                                                                                        ", ,https://www.recetasgratis.net/receta-de-panqueques-super-faciles-de-hacer-51470.html
"
1 kilogramo de papa amarilla                                                                                                        "," y pon a sancochar con una buena pizca de sal. Cuando las papas estén cocidas, retíralas del agua caliente para evitar que continúe su cocción. Este tipo de papa es muy frágil y podría deshacerse si te pasas del tiempo.",https://www.recetasgratis.net/receta-de-causa-de-pulpa-de-cangrejo-77155.html
"
250 gramos de pulpa de cangrejo                                                                                                        ","Una vez cocidas y separadas,",https://www.recetasgratis.net/receta-de-causa-de-pulpa-de-cangrejo-77155.html
"
1 rama de apio                                                                                                        ",". No dejes enfriar mucho las papas, pues el prensado será más complicado con las papas frías.",https://www.recetasgratis.net/receta-de-causa-de-pulpa-de-cangrejo-77155.html
"
6 cucharadas soperas de mayonesa                                                                                                        ",Añade una parte de la pasta de,https://www.recetasgratis.net/receta-de-causa-de-pulpa-de-cangrejo-77155.html
"
4 cucharadas de postre de pasta de ají amarillo                                                                                                        ", al gusto. También agrega aceite vegetal poco a poco y ve amasando todo.,https://www.recetasgratis.net/receta-de-causa-de-pulpa-de-cangrejo-77155.html
"
4 limones
","A medida que vas amasando, ",https://www.recetasgratis.net/receta-de-causa-de-pulpa-de-cangrejo-77155.html
"
1 chorro de aceite vegetal                                                                                                        "," hasta que quede bien de sabor. Esta masa debe tener un color amarillo que se lo da el ají amarillo, un toque ácido gracias al limón y lisa gracias a los chorritos de aceite que añadiste. Deja enfríar la masa por unos",https://www.recetasgratis.net/receta-de-causa-de-pulpa-de-cangrejo-77155.html
"
sal y pimienta al gusto
", en el refrigerador.,https://www.recetasgratis.net/receta-de-causa-de-pulpa-de-cangrejo-77155.html
"
12 langostinos
","Mientras tanto, ve haciendo el relleno. ",https://www.recetasgratis.net/receta-de-causa-de-pulpa-de-cangrejo-77155.html
"
2 cucharadas soperas de ketchup                                                                                                        "," y, en este paso, trata de quitar algunas astillas que este producto podría tener. Para esto, ",https://www.recetasgratis.net/receta-de-causa-de-pulpa-de-cangrejo-77155.html
"
2 cucharadas de postre de semillas de chía                                                                                                        ","Para empezar con la preparación de este budín de mandarina sin huevo, deberás",https://www.recetasgratis.net/receta-de-budin-de-mandarina-sin-huevo-77117.html
"
6 cucharadas de postre de agua                                                                                                        ",". Como en esta receta usamos 2 cucharadas postre de semillas, las hidrataremos en 6 cucharadas postre de agua. Aproximadamente tomará unos",https://www.recetasgratis.net/receta-de-budin-de-mandarina-sin-huevo-77117.html
"
1 mandarina
",", pero puedes hidratarlas durante una noche en un recipiente tapado.",https://www.recetasgratis.net/receta-de-budin-de-mandarina-sin-huevo-77117.html
"
1 taza de harina 0000                                                                                                        "," previamente cepillada y limpia. Luego,",https://www.recetasgratis.net/receta-de-budin-de-mandarina-sin-huevo-77117.html
"
1 cucharada postre de polvo para hornear                                                                                                        ","para retirar el jugo. Ten cuidado con las semillas. Si tienes procesadora o licuadora, puedes procesar la fruta entera, retirando también las semillas. En ese caso, este budín aportará aún más fibra.",https://www.recetasgratis.net/receta-de-budin-de-mandarina-sin-huevo-77117.html
"
¼ cucharada postre de bicarbonato de sodio                                                                                                        ","Cuando tengas el jugo de mandarina mezclado con las semillas de chía hidratadas, añade el ",https://www.recetasgratis.net/receta-de-budin-de-mandarina-sin-huevo-77117.html
"
⅓ taza de aceite                                                                                                        ",. Integra hasta emulsionar.,https://www.recetasgratis.net/receta-de-budin-de-mandarina-sin-huevo-77117.html
"
⅓ taza de azúcar                                                                    (66 gramos)
",Agrega la ,https://www.recetasgratis.net/receta-de-budin-de-mandarina-sin-huevo-77117.html
"
800 gramos de filete de pescado                                                                                                        ",Empieza por ,https://www.recetasgratis.net/receta-de-ceviche-con-chicharron-de-pota-77156.html
"
1 kilogramo de limón                                                                                                        "," en pequeños dados. A continuación, añade en un bowl y sazona primero con una pizca de sal, culantro finamente picado y ají limo picado también muy chiquito. Deja reposar por ",https://www.recetasgratis.net/receta-de-ceviche-con-chicharron-de-pota-77156.html
"
1 ají limo
",", así el pescado agarrará la sal.",https://www.recetasgratis.net/receta-de-ceviche-con-chicharron-de-pota-77156.html
"
1 cebolla roja
"," a la preparación. Procura no aplastar mucho el limón al exprimirlo, pues esto haría que se desprendan los jugos amargos de este. Solo buscamos que aporte el toque ácido.",https://www.recetasgratis.net/receta-de-ceviche-con-chicharron-de-pota-77156.html
"
1 rama de culantro                                                                                                        ", picada en tiras muy delgadas o pluma. Sazona con sal y pimienta al gusto.,https://www.recetasgratis.net/receta-de-ceviche-con-chicharron-de-pota-77156.html
"
500 gramos de pota                                                                                                        ","Para el chicharrón, ",https://www.recetasgratis.net/receta-de-ceviche-con-chicharron-de-pota-77156.html
"
2 huevos
"," con abundante agua fría para que puedas picarla sin problema. Luego, pícala en tiras delgadas y, antes de comenzar a proporcionar sabor, vuelve a enjuagar para retirar la capa gomosa que tiene encima. Sazona con",https://www.recetasgratis.net/receta-de-ceviche-con-chicharron-de-pota-77156.html
"
300 gramos de harina sin preparar                                                                                                        ", al gusto y coloca el ,https://www.recetasgratis.net/receta-de-ceviche-con-chicharron-de-pota-77156.html
"
150 gramos de chuño                                                                                                        ", en la mezcla. Deja reposar en el refrigerador por ,https://www.recetasgratis.net/receta-de-ceviche-con-chicharron-de-pota-77156.html
"
1 gajo de kión                                                                                                        ",.,https://www.recetasgratis.net/receta-de-ceviche-con-chicharron-de-pota-77156.html
"
1 cucharada postre de mostaza                                                                                                        ",Pon a,https://www.recetasgratis.net/receta-de-ceviche-con-chicharron-de-pota-77156.html
"
1 litro de aceite vegetal                                                                                                        "," con el aceite. A continuación, alista en un bowl la mezcla de la ",https://www.recetasgratis.net/receta-de-ceviche-con-chicharron-de-pota-77156.html
"
4 hojas de lechuga                                                                                                        ",", en otro bowl los",https://www.recetasgratis.net/receta-de-ceviche-con-chicharron-de-pota-77156.html
"
3 camotes amarillos
",". El proceso de enharinado es así: Cada tira de pota, sumérgela primero en el huevo batido y, luego, cuidando de no mojar la mezcla, ponlas en el mix de harinas hasta que queden todas enharinadas. Una vez listas, añade en en el aceite ya caliente.",https://www.recetasgratis.net/receta-de-ceviche-con-chicharron-de-pota-77156.html
"
5 patatas
",El primer paso será,https://www.recetasgratis.net/receta-de-patatas-en-ajopollo-77146.html
"
2 dientes de ajo
",". A continuación, ",https://www.recetasgratis.net/receta-de-patatas-en-ajopollo-77146.html
"
1 rebanada de pan                                                                                                        "," en trozos regulares para que la cocción sea igualitaria. Recuerda que cuanto más pequeñas cortes las patatas, antes se harán. Reserva.",https://www.recetasgratis.net/receta-de-patatas-en-ajopollo-77146.html
"
6 almendras crudas
",En una sartén añade una ,https://www.recetasgratis.net/receta-de-patatas-en-ajopollo-77146.html
"
1 cucharadita de azafrán                                                                                                        ",", deja que se dore. Una vez dorado, aparta y pasa por la batidora para hacer una especie de masa que luego añadirás a nuestro guiso.",https://www.recetasgratis.net/receta-de-patatas-en-ajopollo-77146.html
"
aceite de oliva virgen extra
",Coloca una olla en el fuego y otra cucharada de ,https://www.recetasgratis.net/receta-de-patatas-en-ajopollo-77146.html
"
pimienta negra molida
"," a fuego bajo. Es importante que el azafrán no se queme. Seguidamente,",https://www.recetasgratis.net/receta-de-patatas-en-ajopollo-77146.html
"
sal
", y cubre con agua.,https://www.recetasgratis.net/receta-de-patatas-en-ajopollo-77146.html
"
agua
","Justo antes de hervir, ",https://www.recetasgratis.net/receta-de-patatas-en-ajopollo-77146.html
"
250 gramos de pallares                                                                                                        ", ,https://www.recetasgratis.net/receta-de-guiso-de-pallares-77136.html
"
1 cebolla
", secos en agua fría durante ,https://www.recetasgratis.net/receta-de-guiso-de-pallares-77136.html
"
3 dientes de ajo                                                                                                        ", para que el tiempo de cocción se acorte y se queden en el agua los antinutrientes.,https://www.recetasgratis.net/receta-de-guiso-de-pallares-77136.html
"
2 cucharadas soperas de aji amarillo molido                                                                                                        ","Al día siguiente, cuela el agua de remojo y",https://www.recetasgratis.net/receta-de-guiso-de-pallares-77136.html
"
1 pizca de orégano seco                                                                                                        "," grande o de preferencia en una olla a presión para reducir aún más el tiempo de cocción. Cubre con abundante agua caliente y, si deseas, coloca una ",https://www.recetasgratis.net/receta-de-guiso-de-pallares-77136.html
"
1 pizca de comino molido                                                                                                        ", ,https://www.recetasgratis.net/receta-de-guiso-de-pallares-77136.html
"
2 hojas de laurel
", ,https://www.recetasgratis.net/receta-de-guiso-de-pallares-77136.html
"
1 lonja de cerdo
",. Deja que hierva por ,https://www.recetasgratis.net/receta-de-guiso-de-pallares-77136.html
"
1 pizca de pimienta negra molida                                                                                                        ", o hasta que los pallares estén suaves.,https://www.recetasgratis.net/receta-de-guiso-de-pallares-77136.html
"
sal al gusto
","Aparte, mientras se cocinan los pallares prepara el ",https://www.recetasgratis.net/receta-de-guiso-de-pallares-77136.html
"
aceite c/n
",. Para ello empieza ,https://www.recetasgratis.net/receta-de-guiso-de-pallares-77136.html
"
8 patatas
",Para hacer la tortilla campera lo primero que deberás hacer es ,https://www.recetasgratis.net/receta-de-tortilla-campera-77165.html
"
8 huevos
"," que llevará el plato. Aunque lo tradicional en la zona es cortar las patatas en dados, realmente podrás cortarlas como más te gusten. Una vez cortadas y lavadas, añade las patatas a una ",https://www.recetasgratis.net/receta-de-tortilla-campera-77165.html
"
1 trozo de pimiento verde                                                                                                        ",hasta que estén bien fritas.,https://www.recetasgratis.net/receta-de-tortilla-campera-77165.html
"
1 trozo de pimiento rojo                                                                                                        ","Mientras las patatas se encuentran en el fuego, prepara el resto de ingredientes. ",https://www.recetasgratis.net/receta-de-tortilla-campera-77165.html
"
1 trozo de pimiento amarillo                                                                                                        ", de un tamaño parecido para que se haga a la vez.,https://www.recetasgratis.net/receta-de-tortilla-campera-77165.html
"
1 cebolla
",En una sartén con un poco de aceite ,https://www.recetasgratis.net/receta-de-tortilla-campera-77165.html
"
1 puerro
"," hasta que estén bien hechos. De esta forma, quedarán más integrados en la tortilla campera.",https://www.recetasgratis.net/receta-de-tortilla-campera-77165.html
"
aceite
","Cuando tengas las patatas fritas y los vegetales hechos, ",https://www.recetasgratis.net/receta-de-tortilla-campera-77165.html
"
sal
",. Pon un poco de sal (al gusto) y colócalo todo en una sartén con un poco de aceite de oliva virgen extra.,https://www.recetasgratis.net/receta-de-tortilla-campera-77165.html
"
sal y pimienta al gusto
",Los chicharrones deben tener una textura crocante y un color dorado. Ten cuidado de no echar muchas tiras de pota a la vez porque esto haría que se peguen o se cocinen con una temperatura menor a la ideal. ,https://www.recetasgratis.net/receta-de-ceviche-con-chicharron-de-pota-77156.html
"
2 huevos
",Para empezar con la preparación de las galletas caseras de mantequilla coge un recipiente y ,https://www.recetasgratis.net/receta-de-galletas-de-mantequilla-caseras-31553.html
"
4 piezas de bistec de res
",Para empezar pídele al carnicero de confianza que las ,https://www.recetasgratis.net/receta-de-bistec-encebollado-77135.html
"
2 cebollas rojas
",", pues al freírlas se encogerán. Ten picada la ",https://www.recetasgratis.net/receta-de-bistec-encebollado-77135.html
"
1 tomate
"," en juliana, el ",https://www.recetasgratis.net/receta-de-bistec-encebollado-77135.html
"
1 ají amarillo
", en gajos y el ,https://www.recetasgratis.net/receta-de-bistec-encebollado-77135.html
"
1 chorro de vinagre tinto                                                                                                        ", en tiras delgadas.,https://www.recetasgratis.net/receta-de-bistec-encebollado-77135.html
"
1 chorro de salsa de soya                                                                                                        ","Antes de sazonar la carne, con ayuda de un pilón, ",https://www.recetasgratis.net/receta-de-bistec-encebollado-77135.html
"
1 rama de culantro                                                                                                        "," lo más que puedas, esto ayudará no solo a que sea más grande, sino que romperás algunas fibras que podrían hacer que la carne termine dura.",https://www.recetasgratis.net/receta-de-bistec-encebollado-77135.html
"
1 cucharada sopera de pasta de ajo molido                                                                                                        "," al gusto y lleva las carnes a sellar en el aceite que habrás puesto a calentar en una sartén. Ten en cuenta que no debes cocinar la carne por completo, solo debes sellarla por ambos lados.",https://www.recetasgratis.net/receta-de-bistec-encebollado-77135.html
"
1 cucharada sopera de pasta de ají panca                                                                                                        ",". Ahora, en esa misma sartén,",https://www.recetasgratis.net/receta-de-bistec-encebollado-77135.html
"
1 chorro de aceite vegetal                                                                                                        "," y sofríe por 3 minutos a fuego bajo. Si se seca este aderezo, puedes agregar un chorrito de agua o fondo de res.",https://www.recetasgratis.net/receta-de-bistec-encebollado-77135.html
"
sal, pimienta y comino al gusto
",", cocina por 2 minutos a fuego alto. Luego, echa el chorro de vinagre tinto más el chorro de salsa de soya, agrega también un poco de agua o fondo de res. Echa sal, pimienta y comino al gusto y cocinar por unos 5 minutos más.",https://www.recetasgratis.net/receta-de-bistec-encebollado-77135.html
"
1 pechuga de pollo
","Para comenzar la preparación de la tarta de pollo y verdeo, ",https://www.recetasgratis.net/receta-de-tarta-de-pollo-y-verdeo-77150.html
"
1 disco de masa de tarta
", en cubos pequeños. Reserva.,https://www.recetasgratis.net/receta-de-tarta-de-pollo-y-verdeo-77150.html
"
2 cebolla de verdeo grande
",", retira la piel y la grasa, córtala en cubos.",https://www.recetasgratis.net/receta-de-tarta-de-pollo-y-verdeo-77150.html
"
2 huevos
","Coloca los cubos de pollo en un recipiente,",https://www.recetasgratis.net/receta-de-tarta-de-pollo-y-verdeo-77150.html
"
1 cucharada sopera de aceite                                                                                                        ", ,https://www.recetasgratis.net/receta-de-tarta-de-pollo-y-verdeo-77150.html
"
1 cucharada sopera de queso rallado                                                                                                        ", y mezcla bien.,https://www.recetasgratis.net/receta-de-tarta-de-pollo-y-verdeo-77150.html
"
2 cucharadas soperas de queso crema                                                                                                        ", ,https://www.recetasgratis.net/receta-de-tarta-de-pollo-y-verdeo-77150.html
"
sal, pimienta y nuez moscada
", en una sartén y,https://www.recetasgratis.net/receta-de-tarta-de-pollo-y-verdeo-77150.html
"
½ copa de vino blanco                                                                                                        "," para sellarlo. A medida que se vaya dorando, remueve para que quede parejo en todas sus partes.",https://www.recetasgratis.net/receta-de-tarta-de-pollo-y-verdeo-77150.html
"
2 cucharadas soperas de harina                                                                                                        ","Cuando hayas terminado, agrega todo el ",https://www.recetasgratis.net/receta-de-tarta-de-pollo-y-verdeo-77150.html
"
5 encuentros o piernas de pollo
",Empieza ,https://www.recetasgratis.net/receta-de-pollo-al-sillao-peruano-77134.html
"
2 pimientos rojos
",",",https://www.recetasgratis.net/receta-de-pollo-al-sillao-peruano-77134.html
"
1 puñado de cebolla china                                                                                                        ","retirando el pellejo y las grasas blancas. Luego, ",https://www.recetasgratis.net/receta-de-pollo-al-sillao-peruano-77134.html
"
1 trozo de kion                                                                                                        ", cada una de estas piezas.,https://www.recetasgratis.net/receta-de-pollo-al-sillao-peruano-77134.html
"
2 dientes de ajo                                                                                                        ","en una sartén profunda o en una olla con un buen chorro de aceite. Cuando se vean ligeramente dorados, retíralos del fuego y ",https://www.recetasgratis.net/receta-de-pollo-al-sillao-peruano-77134.html
"
1 chorro de aceite de ajonjolí                                                                                                        ", en un recipiente.,https://www.recetasgratis.net/receta-de-pollo-al-sillao-peruano-77134.html
"
1 chorro de sillao                                                                                                        ",", es decir, corta los pimientos en tiras largas y delgadas, corta la parte blanca de las cebollas chinas del mismo tamaño que los pimientos y reserva la parte de verde para incorporarla al final de la cocción. También pica finamente el kion y el ajo.",https://www.recetasgratis.net/receta-de-pollo-al-sillao-peruano-77134.html
"
1 cucharada sopera de salsa de ostión                                                                                                        ", ,https://www.recetasgratis.net/receta-de-pollo-al-sillao-peruano-77134.html
"
1 cucharada sopera de chuño o maicena                                                                                                        ", en la sartén donde se doraron los pollos incluyendo el ajo y el kion. Puedes añadir un poco de ,https://www.recetasgratis.net/receta-de-pollo-al-sillao-peruano-77134.html
"
caldo de pollo c/n
"," si es que la sartén no tiene suficiente aceite, además aromatizará los vegetales.",https://www.recetasgratis.net/receta-de-pollo-al-sillao-peruano-77134.html
"
semillas de ajonjolí
"," durante un par de minutos para evitar que tome color. Después, ",https://www.recetasgratis.net/receta-de-pollo-al-sillao-peruano-77134.html
"
sal al gusto
", ,https://www.recetasgratis.net/receta-de-pollo-al-sillao-peruano-77134.html
"
1 pizca de pimienta negra molida                                                                                                        ", ,https://www.recetasgratis.net/receta-de-pollo-al-sillao-peruano-77134.html
"
50 centímetros cúbicos de leche                                                                                                        ", ,https://www.recetasgratis.net/receta-de-lactonesa-casera-77164.html
"
100 centímetros cúbicos de aceite                                                                                                        "," en el vaso del mixer. Luego,",https://www.recetasgratis.net/receta-de-lactonesa-casera-77164.html
"
1 cucharadita de jugo de limón                                                                                                        ", ,https://www.recetasgratis.net/receta-de-lactonesa-casera-77164.html
"
sal a gusto
", dejándolo caer suavemente por el borde del recipiente. Deja un momento para que decante bien la leche y el aceite quede en la superficie.,https://www.recetasgratis.net/receta-de-lactonesa-casera-77164.html
"
Para la ensalada de papa, rúcula y huevo duro
",Apoya el ,https://www.recetasgratis.net/receta-de-lactonesa-casera-77164.html
"
2 cucharadas soperas de lactonesa básica                                                                                                        ", ,https://www.recetasgratis.net/receta-de-lactonesa-casera-77164.html
"
1 cucharada postre de aceite de oliva                                                                                                        ", de vaso y ponlo en funcionamiento ,https://www.recetasgratis.net/receta-de-lactonesa-casera-77164.html
"
½ cucharadita de ajo en polvo                                                                                                        ",.,https://www.recetasgratis.net/receta-de-lactonesa-casera-77164.html
"
1 cucharadita de mostaza                                                                                                        ","Cuando se hayan integrado ambos productos y ya no los diferencies, puedes",https://www.recetasgratis.net/receta-de-lactonesa-casera-77164.html
"
1 papa grande
", el mixer.,https://www.recetasgratis.net/receta-de-lactonesa-casera-77164.html
"
1 huevo duro
","Cuando comience a tomar consistencia, puedes",https://www.recetasgratis.net/receta-de-lactonesa-casera-77164.html
"
1 puñado de rúcula                                                                                                        ", ,https://www.recetasgratis.net/receta-de-lactonesa-casera-77164.html
"
500 gramos de olluco                                                                                                        ",Empieza ,https://www.recetasgratis.net/receta-de-sopa-de-olluco-77140.html
"
1 kilogramo de carne                                                                                                        ", ,https://www.recetasgratis.net/receta-de-sopa-de-olluco-77140.html
"
100 gramos de trigo                                                                                                        "," delgadas (no hace falta pelarlas). Para hacerlo primero córtalo en rodajas delgadas y, luego, procede a cortar de forma transversal. Coloca todo este olluco en un bowl grande y agrega un buen ",https://www.recetasgratis.net/receta-de-sopa-de-olluco-77140.html
"
100 gramos de mote                                                                                                        ",. Mezcla con las manos para asegurarte de que la sal se distribuya por cada tira de olluco. Esto se hace con el fin de que el olluco no quede amargo ni con un sabor fuerte. Deja que repose durante ,https://www.recetasgratis.net/receta-de-sopa-de-olluco-77140.html
"
300 gramos de zapallo                                                                                                        ",", después lava bien y déjalos escurriendo.",https://www.recetasgratis.net/receta-de-sopa-de-olluco-77140.html
"
3 papas blancas
",Pon a ,https://www.recetasgratis.net/receta-de-sopa-de-olluco-77140.html
"
2 zanahorias
",". Para hacerlo, los granos debes remojarlos desde la noche anterior; al día siguiente, con agua limpia, ponlos en la olla a presión y deja que se cocinen por ",https://www.recetasgratis.net/receta-de-sopa-de-olluco-77140.html
"
1 trozo de col                                                                                                        ", o hasta que estén suave. Reserva.,https://www.recetasgratis.net/receta-de-sopa-de-olluco-77140.html
"
½ taza de habas                                                                                                        ","Procede a picar los vegetales. Sobre una tabla, córtalos, empieza con el ",https://www.recetasgratis.net/receta-de-sopa-de-olluco-77140.html
"
1 cebolla
",". Primero retira la cáscara verde y córtalo en cubos grandes, no te preocupes mucho en sus cortes porque durante la cocción se deshacerán. Corta las ",https://www.recetasgratis.net/receta-de-sopa-de-olluco-77140.html
"
3 dientes de ajo                                                                                                        ","previamente peladas del mismo tamaño. Además, corta la ",https://www.recetasgratis.net/receta-de-sopa-de-olluco-77140.html
"
2 ramas de huacatay                                                                                                        ",y las ,https://www.recetasgratis.net/receta-de-sopa-de-olluco-77140.html
"
2½ tazas de harina                                                                    (350 gramos)
",". Este proceso lo puedes hacer a mano con una espátula o varillas eléctricas. Verás cómo la mantequilla se va aclarando, formando una masa muy cremosa.",https://www.recetasgratis.net/receta-de-galletas-de-mantequilla-caseras-31553.html
"
1 cucharadita de esencia de vainilla                                                                                                        ",El siguiente paso es ,https://www.recetasgratis.net/receta-de-galletas-de-mantequilla-caseras-31553.html
"
1 cucharadita de polvo de hornear (levadura química tipo Royal)                                                                                                        ",". Continúa removiendo con la espátula hasta conseguir que estos se integren por completo. Si se te hace muy complicado amasar las galletas de mantequilla a mano puedes usar una varillas eléctricas, pero no deberías tener problemas.",https://www.recetasgratis.net/receta-de-galletas-de-mantequilla-caseras-31553.html
"
100 gramos de mantequilla                                                                                                        ","Deja el bol con la masa a un lado y, aparte,",https://www.recetasgratis.net/receta-de-galletas-de-mantequilla-caseras-31553.html
"
1 taza de azúcar                                                                    (200 gramos)
", junto con el polvo de hornear (levadura química). Este paso es muy importante a la hora de hacer galletas caseras porque precisamente esto es lo que nos asegurará que no queden grumos y obtengamos una masa suave y homogénea.,https://www.recetasgratis.net/receta-de-galletas-de-mantequilla-caseras-31553.html
"
2 ramas de orégano                                                                                                        ", en juliana o en tiras delgadas (como los ollucos). Pela las ,https://www.recetasgratis.net/receta-de-sopa-de-olluco-77140.html
"
1 puñado de chuño o moraya                                                                                                        ",.,https://www.recetasgratis.net/receta-de-sopa-de-olluco-77140.html
"
espinacas c/n
","Por último, ",https://www.recetasgratis.net/receta-de-sopa-de-olluco-77140.html
"
sal al gusto
", ,https://www.recetasgratis.net/receta-de-sopa-de-olluco-77140.html
"
800 gramos de carne picada o molida                                                                                                        ","Antes de comenzar con la preparación, ",https://www.recetasgratis.net/receta-de-budin-de-carne-77153.html
"
1 cebolla
", y precalienta a temperatura media. También unta con ,https://www.recetasgratis.net/receta-de-budin-de-carne-77153.html
"
1 diente de ajo                                                                                                        ", el recipiente que usarás para cocinar y espolvorea con ,https://www.recetasgratis.net/receta-de-budin-de-carne-77153.html
"
2 cucharadas soperas de pan rallado                                                                                                        ",.,https://www.recetasgratis.net/receta-de-budin-de-carne-77153.html
"
sal, pimienta, comino, tomillo al gusto
",Pela y pica lo más chiquito posible ,https://www.recetasgratis.net/receta-de-budin-de-carne-77153.html
"
1 cucharada sopera de aceite                                                                                                        ",. Coloca ambos ingredientes en un recipiente.,https://www.recetasgratis.net/receta-de-budin-de-carne-77153.html
"
150 gramos de arroz                                                                                                        ",Para empezar con la receta de arroz con leche de coco primero ,https://www.recetasgratis.net/receta-de-arroz-con-leche-de-coco-74943.html
"
100 gramos de azúcar                                                                    (½ taza)
"," y reserva. A continuación, coloca una cazuela con la ",https://www.recetasgratis.net/receta-de-arroz-con-leche-de-coco-74943.html
"
1,2 litros de leche de coco                                                                                                        ",". Añade al fuego medio a calentar con cuidado que no hierva fuerte, siempre suave. Con una cuchara de madera remueve.",https://www.recetasgratis.net/receta-de-arroz-con-leche-de-coco-74943.html
"
1 palo de canela
","Cuando esté caliente la leche, ",https://www.recetasgratis.net/receta-de-arroz-con-leche-de-coco-74943.html
"
1 limón
", para que se vaya deshaciendo el azúcar y no se pegue.,https://www.recetasgratis.net/receta-de-arroz-con-leche-de-coco-74943.html
"
20 gramos de coco rallado                                                                                                        ",", remueve y deja cocinar unos ",https://www.recetasgratis.net/receta-de-arroz-con-leche-de-coco-74943.html
"
2 cucharadas soperas de canela en polvo                                                                                                        ",". Cuando lleve unos 15 minutos cocinándose, mira que el arroz no quede muy espeso y si es así añade más leche, la que hemos dejado reservada.",https://www.recetasgratis.net/receta-de-arroz-con-leche-de-coco-74943.html
"
250 gramos de plátanos                                                                                                        ",Comienza ,https://www.recetasgratis.net/receta-de-pastel-de-chocolate-sin-horno-solo-3-ingredientes-77133.html
"
3 huevos
", ,https://www.recetasgratis.net/receta-de-pastel-de-chocolate-sin-horno-solo-3-ingredientes-77133.html
"
40 gramos de cacao en polvo                                                                                                        ",",",https://www.recetasgratis.net/receta-de-pastel-de-chocolate-sin-horno-solo-3-ingredientes-77133.html
"
1 taza de harina                                                                    (140 gramos)
",o recipiente limpio y abre un espacio en el centro para,https://www.recetasgratis.net/receta-de-masa-para-tarta-salada-con-aceite-77162.html
"
1 cucharada sopera de aceite                                                                                                        ",. Agrega poco a poco el,https://www.recetasgratis.net/receta-de-masa-para-tarta-salada-con-aceite-77162.html
"
⅓ taza de agua (aproximadamente)                                                                                                        ","hasta formar una masa firme, pero maleable. Puedes corregir con más harina o agua si es necesario. La cantidad exacta del agua dependerá de la humedad ambiente y capacidad de absorción de la harina. En cuanto al tipo de harina, puedes usar 000, es decir, una no tan refinada, así como una 0000, pero no recomendamos utilizar una leudante.",https://www.recetasgratis.net/receta-de-masa-para-tarta-salada-con-aceite-77162.html
"
1 litro de helado de limón                                                                                                        ",En el vaso de la licuadora ,https://www.recetasgratis.net/receta-de-sorbete-de-limon-al-cava-con-helado-77130.html
"
700 gramos de cava semiseco                                                                                                        ", ,https://www.recetasgratis.net/receta-de-sorbete-de-limon-al-cava-con-helado-77130.html
"
300 gramos de crema de leche                                                                                                        ",". Seguidamente, añade el ",https://www.recetasgratis.net/receta-de-sorbete-de-limon-al-cava-con-helado-77130.html
"
120 gramos de avena en copos suaves (hojuelas)                                                                                                        ",Mezcla todos los ingredientes en un bol hasta ,https://www.recetasgratis.net/receta-de-galletas-de-avena-faciles-y-rapidas-67303.html
"
40 gramos de harina (de trigo o de avena)                                                                                                        ",". Si dispones de un robot mezclador, mucho mejor, pero si no es así, puedes mezclar con una espátula. Puedes usar azúcar blanco, azúcar moreno o panela. En cuanto a la harina, puede ser de trigo o de avena. Para este último caso, te recomendamos consultar la ",https://www.recetasgratis.net/receta-de-galletas-de-avena-faciles-y-rapidas-67303.html
"
40 gramos de azúcar (moreno o blanco)                                                                                                        ",.,https://www.recetasgratis.net/receta-de-galletas-de-avena-faciles-y-rapidas-67303.html
"
1 huevo
",Forra la bandeja del horno con papel sulfurizado o vegetal y ,https://www.recetasgratis.net/receta-de-galletas-de-avena-faciles-y-rapidas-67303.html
"
60 mililitros de aceite de girasol                                                                                                        "," haciendo pequeñas bolas con las manos y luego aplastándolas. Para obtener unas galletas de avena crujientes, el truco está en no hacerlas muy gruesas.",https://www.recetasgratis.net/receta-de-galletas-de-avena-faciles-y-rapidas-67303.html
"
1 cucharadita de levadura en polvo (polvos de hornear)                                                                                                        ","Con el horno precalentado a 200 ºC con calor arriba y abajo y con la función de ventilador (en caso de tenerla), ",https://www.recetasgratis.net/receta-de-galletas-de-avena-faciles-y-rapidas-67303.html
"
1 cucharadita de canela molida                                                                                                        ", ,https://www.recetasgratis.net/receta-de-galletas-de-avena-faciles-y-rapidas-67303.html
"
1 pellizco de sal                                                                                                        "," o hasta que estén doraditas. Deben quedar ligeramente tostadas, no mucho.",https://www.recetasgratis.net/receta-de-galletas-de-avena-faciles-y-rapidas-67303.html
"
1 kilogramo de azúcar                                                                                                        ",Empieza preparando un ,https://www.recetasgratis.net/receta-de-cremolada-de-fruta-77131.html
"
1 litro de agua                                                                                                        ",", para hacerlo, vierte en una cacerola el ",https://www.recetasgratis.net/receta-de-cremolada-de-fruta-77131.html
"
pulpa de fruta c/n
",. Coloca esta cacerola sobre una hornilla y enciende el fuego a medio-alto.,https://www.recetasgratis.net/receta-de-cremolada-de-fruta-77131.html
"
4 churrascos de res
",Primero debes ,https://www.recetasgratis.net/receta-de-churrasco-a-lo-pobre-77132.html
"
2 plátanos para freír
",. Ten listos también tus vegetales para la ensalada.,https://www.recetasgratis.net/receta-de-churrasco-a-lo-pobre-77132.html
"
4 huevos
", un chorro de aceite. ,https://www.recetasgratis.net/receta-de-churrasco-a-lo-pobre-77132.html
"
1 porción de papas fritas
"," de churrasco con sal y pimienta al gusto. Cuando ya la sartén esté bien caliente, coloca uno por uno los churrascos o, si tienes espacio, podrías hacerlo de dos en dos.",https://www.recetasgratis.net/receta-de-churrasco-a-lo-pobre-77132.html
"
1 lechuga
",Parte en rebanadas los plátanos y ,https://www.recetasgratis.net/receta-de-churrasco-a-lo-pobre-77132.html
"
2 tomates
"," también en la sartén o plancha. Estos plátanos se fríen muy rápido, procura darles la vuelta en el momento justo.",https://www.recetasgratis.net/receta-de-churrasco-a-lo-pobre-77132.html
"
1 palta
",. Lo ideal es que la yema quede sin reventarse y la clara cocida.,https://www.recetasgratis.net/receta-de-churrasco-a-lo-pobre-77132.html
"
2 chorros de aceite                                                                                                        ","Coloca la lechuga picada, los tomates en rodajas y la palta picadita en un lado. Acompaña la ensalada con el aliño de tu preferencia. ",https://www.recetasgratis.net/receta-de-churrasco-a-lo-pobre-77132.html
"
sal y pimienta al gusto
"," una porción de arroz blanco, las papas fritas, el plátano frito, el huevo frito y, por supuesto, el churrasco tierno con todo el juguito que haya dejado mientras se doraba. ¡",https://www.recetasgratis.net/receta-de-churrasco-a-lo-pobre-77132.html
"
1 kilogramo de harina de fuerza (también conocida como harina 00)                                                                                                        ","Antes de empezar con la receta de pizza casera fácil resulta fundamental hacer una pequeña aclaración sobre la harina. Para realizar este tipo de masas, ",https://www.recetasgratis.net/receta-de-pizza-casera-31391.html
"
1 cucharadita de sal fina                                                                                                        ",", puesto que al contener un mayor porcentaje de gluten el resultado será una masa de pizza casera mucho más esponjosa. En los países de América Latina, sobre todo, este tipo de harina es conocido como ",https://www.recetasgratis.net/receta-de-pizza-casera-31391.html
"
2½ tazas de agua tibia                                                                                                        ",". Ahora bien, si quieres ",https://www.recetasgratis.net/receta-de-pizza-casera-31391.html
"
2 cucharadas soperas de aceite de oliva                                                                                                        ",", consulta esta otra receta.",https://www.recetasgratis.net/receta-de-pizza-casera-31391.html
"
30 gramos de levadura fresca                                                                                                        ","Ahora sí, ¡empezamos la receta de pizza casera! Para ello, lo primero que vamos a hacer es mezclar en un recipiente el ",https://www.recetasgratis.net/receta-de-pizza-casera-31391.html
"
1 suprema de pollo
","Para empezar con la preparación del fiambre de pollo, ",https://www.recetasgratis.net/receta-de-fiambre-de-pollo-77161.html
"
1 cucharada postre de orégano                                                                                                        ",. Si tienes procesadora puedes utilizarla procesando la suprema hasta que quede como un puré.,https://www.recetasgratis.net/receta-de-fiambre-de-pollo-77161.html
"
1 cucharada postre de tomillo                                                                                                        ",Amasa un poco el pollo picado para que libere su colágeno y,https://www.recetasgratis.net/receta-de-fiambre-de-pollo-77161.html
"
1 cucharada postre de cúrcuma                                                                                                        ",". Además, puedes agregar otros ingredientes como puré de vegetales para proporcionar colores a tu fiambre e incorporar vegetales a tu alimentación. Agrega pimentón ahumado o humo líquido si deseas un sabor más ahumado.",https://www.recetasgratis.net/receta-de-fiambre-de-pollo-77161.html
"
¼ cucharada postre de ajo en polvo                                                                                                        ",", es decir, orégano y tomillo si quieres decorar el fiambre como en la foto final de esta receta. Sino, puedes obviar las especias.",https://www.recetasgratis.net/receta-de-fiambre-de-pollo-77161.html
"
1 cucharada postre de sal                                                                                                        ",a la mezcla de pollo picado o procesado y,https://www.recetasgratis.net/receta-de-fiambre-de-pollo-77161.html
"
300 gramos de harina                                                                                                        ",Prepara un prefermento para ,https://www.recetasgratis.net/receta-de-new-york-roll-77141.html
"
50 gramos de azúcar                                                                    (¼ taza)
",". Asimismo, en un bowl",https://www.recetasgratis.net/receta-de-new-york-roll-77141.html
"
5 gramos de sal                                                                                                        ", ,https://www.recetasgratis.net/receta-de-new-york-roll-77141.html
"
6 gramos de levadura seca                                                                                                        ",", estos dos ingredientes deben estar alrededor de los 40 ",https://www.recetasgratis.net/receta-de-new-york-roll-77141.html
"
70 gramos de leche tibia                                                                                                        ","C. Mezcla bien, añade una pizca de azúcar y deja que repose en el área más caliente de la casa hasta que duplique su volumen.",https://www.recetasgratis.net/receta-de-new-york-roll-77141.html
"
80 gramos de agua tibia                                                                                                        ","Cuando el prefermento haya leudado, vierte en un bowl la ",https://www.recetasgratis.net/receta-de-new-york-roll-77141.html
"
35 gramos de mantequilla                                                                                                        ",. Remueve un poco y añade el ,https://www.recetasgratis.net/receta-de-new-york-roll-77141.html
"
150 gramos de mantequilla para repostería                                                                                                        ",". Comienza a mezclar con el accesorio de gancho y, al ver que se están uniendo en una masa, agrega los 35 gramos de ",https://www.recetasgratis.net/receta-de-new-york-roll-77141.html
"
crema pastelera c/n
",". Seguidamente, sube la velocidad al máximo para amasar.",https://www.recetasgratis.net/receta-de-new-york-roll-77141.html
"
200 gramos de matambre                                                                                                        ",Para empezar con la preparación de la milanesa de matambre,https://www.recetasgratis.net/receta-de-milanesa-de-matambre-77163.html
"
1 huevo
",". A diferencia de la cocción en parrilla, donde puede desgrasarse, aquí hará que no sea agradable al paladar, además de que puede despegar el pan rallado. Intenta buscar las partes más finas, así como con forma de milanesa.",https://www.recetasgratis.net/receta-de-milanesa-de-matambre-77163.html
"
1 taza de pan rallado                                                                                                        ",". Humedece en el batido el matambre. Si tienes tiempo, podrás dejar reposando la carne en un recipiente tapado en heladera por unas 2 a 10 horas. Así, tomará más sabor y quedará más tierna. Sino, continúa con el siguiente paso.",https://www.recetasgratis.net/receta-de-milanesa-de-matambre-77163.html
"
1 cucharada postre de mostaza                                                                                                        ","Cuando la carne está húmeda, ",https://www.recetasgratis.net/receta-de-milanesa-de-matambre-77163.html
"
1 cucharada sopera de leche                                                                                                        ",". Puedes usar panko, polenta, cereales picados o bien mezclarlos todos. También queda muy bien con avena o semillas, pero aquí estamos haciendo la versión clásica.",https://www.recetasgratis.net/receta-de-milanesa-de-matambre-77163.html
